label,problem,m,n,status,time_s,solve_time_s,iterations,objective,optimal,rel_gap
loraine,truss1,6,13,"OPTIMAL",0.00090013,0.00092697,11,-8.999996330792243,-8.999996,3.675471004374274e-8
loraine,hinf1,13,14,"INFEASIBLE_OR_UNBOUNDED",0.0033232,0.0039878,22,2.0326857148843773,2.0326,4.217007004691707e-5
loraine,control1,21,15,"OPTIMAL",0.0052845,0.012385,24,17.7846279197372,17.78463,1.169696979556645e-7
loraine,hinf2,13,16,"INFEASIBLE_OR_UNBOUNDED",0.0060702,0.0063739,32,10.967139218747471,10.967,1.26943327683681e-5
loraine,hinf3,13,16,"INFEASIBLE_OR_UNBOUNDED",0.0029929,0.0030968,32,56.95175575513897,56.9,0.0009095914787165205
loraine,hinf4,13,16,"INFEASIBLE_OR_UNBOUNDED",0.0027502,0.0058248,29,274.76472734760836,274.764,2.647172148996658e-6
loraine,hinf5,13,16,"INFEASIBLE_OR_UNBOUNDED",0.0050933,0.0054901,27,362.5881036949553,363.0,0.0011347005648614501
loraine,hinf6,13,16,"INFEASIBLE_OR_UNBOUNDED",0.0060061,0.006413,31,449.03348403411496,449.0,7.457468622486175e-5
loraine,hinf7,13,16,"INFEASIBLE_OR_UNBOUNDED",0.0026099,0.002625,28,399.0479923101253,391.0,0.02058310053740492
loraine,hinf8,13,16,"INFEASIBLE_OR_UNBOUNDED",0.002223,0.004858,24,116.25152039266419,116.0,0.002168279247105088
loraine,hinf9,13,16,"OPTIMAL",0.0059062,0.0062311,31,236.24925825179946,236.25,3.139674922918116e-6
loraine,hinf10,21,18,"INFEASIBLE_OR_UNBOUNDED",0.0035923,0.015434,32,108.80304908085036,109.0,0.0018068891665104843
loraine,truss4,12,19,"OPTIMAL",0.0023293,0.002423,11,-9.00999603278443,-9.009996,3.6386732213676886e-9
loraine,hinf11,31,22,"INFEASIBLE_OR_UNBOUNDED",0.0048768,0.00506,33,65.9251455410471,65.9,0.0003815711843261809
loraine,hinf12,43,24,"ITERATION_LIMIT",0.019325,0.05129,101,1.7829027667937514e-8,0.2,0.19999998217097234
loraine,qap5,136,26,"INFEASIBLE_OR_UNBOUNDED",0.023469,0.037498,15,2.9298897989362075e12,-436.0,6.719930732505063e9
loraine,control2,66,30,"OPTIMAL",0.014046,0.018963,25,8.300000707435444,8.3,8.523318597093726e-8
loraine,hinf13,57,30,"INFEASIBLE_OR_UNBOUNDED",0.0080474,0.03286,25,44.96069510300714,46.0,0.022593584717236086
loraine,infd1,10,30,"INFEASIBLE_OR_UNBOUNDED",0.012982,0.025117,31,-1.4282635200489937e58,NaN,NaN
loraine,infd2,10,30,"INFEASIBLE_OR_UNBOUNDED",0.011934,0.023902,24,-1.2621447653562253e57,NaN,NaN
loraine,infp1,10,30,"INFEASIBLE",0.011564,0.017925,28,4.812963886863448,NaN,NaN
loraine,infp2,10,30,"INFEASIBLE",0.01171,0.024276,28,7.333151867492274,NaN,NaN
loraine,truss3,27,31,"OPTIMAL",0.0019482,0.011991,11,-9.109994520233686,-9.109996,1.6243325626222376e-7
loraine,hinf14,73,34,"INFEASIBLE_OR_UNBOUNDED",0.013298,0.046852,24,12.995944496458486,13.0,0.0003119618108856551
loraine,hinf15,91,37,"INFEASIBLE_OR_UNBOUNDED",0.020772,0.049869,26,20.181933636309175,25.0,0.192722654547633
loraine,qap6,229,37,"INFEASIBLE_OR_UNBOUNDED",0.083105,0.091672,19,8.353439702658837e11,-381.44,2.1899747552624884e9
loraine,control3,136,45,"INFEASIBLE_OR_UNBOUNDED",0.096254,0.14399,33,13.633269594667516,13.63327,2.9731127163286178e-8
loraine,qap7,358,50,"INFEASIBLE_OR_UNBOUNDED",0.26628,0.52909,21,10634.676596673788,-425.0,26.022768462761853
loraine,theta1,104,50,"OPTIMAL",0.020223,0.025039,11,23.000001396192168,23.0,6.07040073087655e-8
loraine,control4,231,60,"OPTIMAL",0.25513,0.25917,28,19.79423405217597,19.79423,2.047150089076525e-7
loraine,qap8,529,65,"INFEASIBLE_OR_UNBOUNDED",0.83145,0.83144,17,759784.5285901767,-757.0,1004.6783733027434
loraine,control5,351,75,"INFEASIBLE_OR_UNBOUNDED",0.78119,0.78118,33,16.883621847999066,16.8836,1.2940367614144296e-6
loraine,qap9,748,82,"INFEASIBLE_OR_UNBOUNDED",1.3723,1.3723,15,1.2270087831796401e12,-1410.0,8.702189961628654e8
loraine,control6,496,90,"INFEASIBLE_OR_UNBOUNDED",2.4649,2.4649,41,37.3044888649117,37.3044,2.3821563058488346e-6
loraine,gpp100,101,100,"INFEASIBLE_OR_UNBOUNDED",0.2684,0.34771,33,-44.90609178139084,-44.9435,0.0008323387944676858
loraine,mcp100,100,100,"OPTIMAL",0.058103,0.37716,11,226.15735380840331,226.1574,2.0424534718278344e-7
loraine,theta2,498,100,"OPTIMAL",0.53836,0.53835,12,32.879173283408996,32.87917,9.986289172086203e-8
loraine,qap10,1021,101,"INFEASIBLE_OR_UNBOUNDED",2.9325,2.9325,18,1.910503709610467e11,-10.93,1.7479448396338215e10
loraine,control7,666,105,"INFEASIBLE_OR_UNBOUNDED",4.0631,4.0631,39,20.625080271733133,20.6251,9.565173922670511e-7
loraine,control8,861,120,"INFEASIBLE_OR_UNBOUNDED",8.8442,8.8441,35,20.28638939602034,20.286,1.919530811093833e-5
loraine,gpp124-1,125,124,"INFEASIBLE_OR_UNBOUNDED",0.61166,0.61165,27,157.57736031537164,-7.3431,22.459242052453547
loraine,gpp124-2,125,124,"ITERATION_LIMIT",0.2829,0.28289,26,-46.861459741939775,-46.8623,1.7930363217815904e-5
loraine,gpp124-3,125,124,"INFEASIBLE_OR_UNBOUNDED",0.95532,0.95531,56,702.2427319749269,-153.014,5.589401832348195
loraine,gpp124-4,125,124,"INFEASIBLE_OR_UNBOUNDED",0.70174,0.70173,43,1146.8314894872751,-418.99,3.737133319380594
loraine,mcp124-1,124,124,"OPTIMAL",0.12812,0.42557,12,141.9904779703885,141.9905,1.5514848880966922e-7
loraine,mcp124-2,124,124,"OPTIMAL",0.12426,0.18019,12,269.8801716747248,269.8802,1.0495499557056892e-7
loraine,mcp124-3,124,124,"OPTIMAL",0.095847,0.41616,11,467.7501178695867,467.7501,3.820327716329571e-8
loraine,mcp124-4,124,124,"OPTIMAL",0.08728,0.10408,11,864.4118669402782,864.4119,3.824533393465325e-8
loraine,truss2,58,133,"OPTIMAL",0.014691,0.015028,15,-123.38035304582462,-123.3804,3.8056429849863235e-7
loraine,control9,1081,135,"INFEASIBLE_OR_UNBOUNDED",20.803,20.803,34,14.67544970825527,14.6754,3.3871823098638216e-6
loraine,control10,1326,150,"INFEASIBLE_OR_UNBOUNDED",21.453,21.453,38,38.533107178490965,38.533,2.7814727886250298e-6
loraine,theta3,1106,150,"OPTIMAL",3.2475,3.2474,13,42.16698261114412,42.16698,6.192390630542355e-8
loraine,control11,1596,165,"TIMEOUT",60.0,NaN,-1,NaN,31.959,NaN
loraine,theta4,1949,200,"OPTIMAL",21.327,21.327,14,50.321223278679255,50.32122,6.515500337145644e-8
loraine,gpp250-1,250,250,"INFEASIBLE_OR_UNBOUNDED",2.1505,2.1505,32,43452.66379459186,-15.445,2814.380627684808
loraine,gpp250-2,250,250,"INFEASIBLE_OR_UNBOUNDED",4.9531,4.9531,65,16296.612093625643,-81.869,200.057177852736
loraine,gpp250-3,250,250,"INFEASIBLE_OR_UNBOUNDED",3.6748,3.6748,49,3402.9750018583736,-303.5,12.212438226880968
loraine,gpp250-4,250,250,"OPTIMAL",1.3876,1.3876,15,-747.3283064825728,-747.3,3.787833878337494e-5
loraine,mcp250-1,250,250,"OPTIMAL",0.75193,0.75191,12,317.26436456393384,317.2643,2.0350204497398303e-7
loraine,mcp250-2,250,250,"OPTIMAL",0.56879,0.56878,11,531.9300971672131,531.9301,5.325487108915899e-9
loraine,mcp250-3,250,250,"OPTIMAL",0.88404,0.88403,11,981.1725844630184,981.1726,1.5835115605768708e-8
loraine,mcp250-4,250,250,"OPTIMAL",0.55598,0.55596,11,1681.9601387969383,1681.96,8.252095070330018e-8
loraine,truss7,86,301,"OPTIMAL",0.077179,0.12453,26,-900.0013877557734,-900.001,4.308392695467101e-7
loraine,truss5,208,331,"OPTIMAL",0.15013,0.21639,16,-132.6356681616395,-132.6357,2.400436723547857e-7
loraine,arch0,174,335,"OPTIMAL",1.6422,1.6422,22,0.5665173227587178,0.566517,3.227587177523361e-7
loraine,arch2,174,335,"OPTIMAL",0.93031,0.9303,20,0.6715155696145978,0.671515,5.696145978228984e-7
loraine,arch4,174,335,"OPTIMAL",0.93232,0.93231,20,0.9726276869234606,0.9726274,2.869234605462623e-7
loraine,arch8,174,335,"OPTIMAL",1.7373,1.7373,20,7.056980244651291,7.05698,3.466798692040674e-8
loraine,ss30,132,426,"OPTIMAL",4.2815,4.2815,20,20.239510991506226,20.2395,5.430720238186125e-7
loraine,truss6,172,451,"OPTIMAL",0.17425,0.18036,24,-901.0013714667482,-901.001,4.1228228183983475e-7
loraine,gpp500-1,501,500,"INFEASIBLE_OR_UNBOUNDED",15.21,15.21,28,33743.13241166647,-25.3,1334.7206486824691
loraine,gpp500-2,501,500,"OPTIMAL",13.662,13.662,26,-156.06038651704662,-156.06,2.4767207908579586e-6
loraine,gpp500-3,501,500,"INFEASIBLE_OR_UNBOUNDED",13.84,13.84,27,223447.44382766806,-513.02,436.5530853137657
loraine,gpp500-4,501,500,"INFEASIBLE_OR_UNBOUNDED",28.859,28.859,53,35959.22125383991,-1567.02,23.94751901943811
loraine,mcp500-1,500,500,"OPTIMAL",5.5066,5.5066,14,598.1485261253988,598.1485,4.367711160372384e-8
loraine,mcp500-2,500,500,"OPTIMAL",4.6865,4.6865,13,1070.056771516621,1070.057,2.1352449358557128e-7
loraine,mcp500-3,500,500,"OPTIMAL",3.8963,3.8962,12,1847.970027198672,1847.97,1.4718134973599718e-8
loraine,mcp500-4,500,500,"OPTIMAL",3.8947,3.8947,12,3566.7380719067137,3566.738,2.0160357687094295e-8
loraine,truss8,496,628,"OPTIMAL",1.995,1.995,17,-133.1145395362932,-133.1146,4.542229537724521e-7
loraine,maxG11,800,800,"OPTIMAL",13.54,13.54,13,629.1647851961515,629.1648,2.3529365529788452e-8
loraine,equalG11,801,801,"OPTIMAL",26.562,26.562,13,629.1553023826389,629.1553,3.7870440799191346e-9
loraine,thetaG11,2401,801,"TIMEOUT",60.0,NaN,-1,NaN,400.0,NaN
loraine,maxG51,1000,1000,"TIMEOUT",60.0,NaN,-1,NaN,4003.809,NaN
